﻿Designator,Footprint,Quantity,Value,LCSC Part #
BUS1,PinHeader_2x32_P2.54mm_Vertical,1,Conn_02x32_Odd_Even,
"C1, C2, C3, C4, C5",0805,5,100nF,C49678
D1,0805,1,Disk Activity LED,C2297
J1,IDC-Header_2x05_P2.54mm_Vertical,1,Conn_02x05_Odd_Even,
J2,PinSocket_2x22_P2.00mm_Vertical,1,Conn_02x22_Odd_Even,
JP4,PinHeader_1x02_P2.54mm_Vertical,1,Jumper_2_Bridged,
R1,0805,1,1K,C17513
SIMM72,SIMM72,1,SIMM72,
"U1, U2",SOIC-20W_7.5x12.8mm_P1.27mm,2,74ACT245,
U3,PLCC-84_THT-Socket,1,ATF1504,
U4,SOIC-20W_7.5x12.8mm_P1.27mm,1,74ACT244,
